d1,d2,d3,d4,d5,d6,d7,d8,heuristic
5589.792219,0,0,0,0,0,0,0,0
0,5589.792219,0,0,0,0,0,0,1
0,0,5589.792219,0,0,0,0,0,0
0,0,0,5589.792219,0,0,0,0,0
0,0,0,0,5589.792219,0,0,0,8
2788.98275,0,0,0,0,5589.792219,0,0,2
0,2788.98275,0,0,0,0,5589.792219,0,0
4029.439186,0,2788.98275,0,0,0,0,5589.792219,8
0,4029.439186,0,2788.98275,0,0,0,0,1
0,0,4029.439186,0,2788.98275,0,0,0,1
0,0,0,4029.439186,0,2788.98275,0,0,0
0,0,0,0,4029.439186,0,2788.98275,0,0
0,0,0,0,0,4029.439186,0,2788.98275,0
0,0,0,0,0,0,4029.439186,0,9
0,0,0,0,0,0,0,4029.439186,9
0,0,0,0,0,0,0,0,0
0,0,0,0,0,0,0,0,1
0,0,0,0,0,0,0,0,0
0,0,0,0,0,0,0,0,1
4253.529065,0,0,0,0,0,0,0,8
0,4253.529065,0,0,0,0,0,0,9
0,0,4253.529065,0,0,0,0,0,1
0,0,0,4253.529065,0,0,0,0,1
0,0,0,0,4253.529065,0,0,0,1
0,0,0,0,0,4253.529065,0,0,1
0,0,0,0,0,0,4253.529065,0,0
0,0,0,0,0,0,0,4253.529065,0
0,0,0,0,0,0,0,0,9
0,0,0,0,0,0,0,0,1
8268.258838,0,0,0,0,0,0,0,2
0,8268.258838,0,0,0,0,0,0,1
3674.530847,0,8268.258838,0,0,0,0,0,8
0,3674.530847,0,8268.258838,0,0,0,0,1
0,0,3674.530847,0,8268.258838,0,0,0,1
5601.53083,0,0,3674.530847,0,8268.258838,0,0,8
0,5601.53083,0,0,3674.530847,0,8268.258838,0,1
0,0,5601.53083,0,0,3674.530847,0,8268.258838,0
0,0,0,5601.53083,0,0,3674.530847,0,0
7366.071753,0,0,0,5601.53083,0,0,3674.530847,8
0,7366.071753,0,0,0,5601.53083,0,0,1
392.8730323,0,7366.071753,0,0,0,5601.53083,0,8
0,392.8730323,0,7366.071753,0,0,0,5601.53083,0
0,0,392.8730323,0,7366.071753,0,0,0,1
0,0,0,392.8730323,0,7366.071753,0,0,1
0,0,0,0,392.8730323,0,7366.071753,0,9
97.37997016,0,0,0,0,392.8730323,0,7366.071753,8
0,97.37997016,0,0,0,0,392.8730323,0,1
0,0,97.37997016,0,0,0,0,392.8730323,1
3257.4608,0,0,97.37997016,0,0,0,0,8
8185.983776,3257.4608,0,0,97.37997016,0,0,0,8
3833.628009,8185.983776,3257.4608,0,0,97.37997016,0,0,8
0,3833.628009,8185.983776,3257.4608,0,0,97.37997016,0,0
0,0,3833.628009,8185.983776,3257.4608,0,0,97.37997016,0
0,0,0,3833.628009,8185.983776,3257.4608,0,0,0
0,0,0,0,3833.628009,8185.983776,3257.4608,0,1
2140.667489,0,0,0,0,3833.628009,8185.983776,3257.4608,8
0,2140.667489,0,0,0,0,3833.628009,8185.983776,0
0,0,2140.667489,0,0,0,0,3833.628009,0
2576.207472,0,0,2140.667489,0,0,0,0,8
6945.605097,2576.207472,0,0,2140.667489,0,0,0,8
2937.01004,6945.605097,2576.207472,0,0,2140.667489,0,0,8
421.5040663,2937.01004,6945.605097,2576.207472,0,0,2140.667489,0,8
0,421.5040663,2937.01004,6945.605097,2576.207472,0,0,2140.667489,0
284.7288526,0,421.5040663,2937.01004,6945.605097,2576.207472,0,0,8
698.2828828,284.7288526,0,421.5040663,2937.01004,6945.605097,2576.207472,0,8
0,698.2828828,284.7288526,0,421.5040663,2937.01004,6945.605097,2576.207472,8
5113.905234,0,698.2828828,284.7288526,0,421.5040663,2937.01004,6945.605097,8
2477.70817,5113.905234,0,698.2828828,284.7288526,0,421.5040663,2937.01004,8
2048.177763,2477.70817,5113.905234,0,698.2828828,284.7288526,0,421.5040663,8
2489.969765,2048.177763,2477.70817,5113.905234,0,698.2828828,284.7288526,0,8
2038.783578,2489.969765,2048.177763,2477.70817,5113.905234,0,698.2828828,284.7288526,8
2201.905993,2038.783578,2489.969765,2048.177763,2477.70817,5113.905234,0,698.2828828,8
2537.545407,2201.905993,2038.783578,2489.969765,2048.177763,2477.70817,5113.905234,0,8
4513.275017,2537.545407,2201.905993,2038.783578,2489.969765,2048.177763,2477.70817,5113.905234,8
0,4513.275017,2537.545407,2201.905993,2038.783578,2489.969765,2048.177763,2477.70817,0
651.6271073,0,4513.275017,2537.545407,2201.905993,2038.783578,2489.969765,2048.177763,8
3706.228434,651.6271073,0,4513.275017,2537.545407,2201.905993,2038.783578,2489.969765,8
1958.832206,3706.228434,651.6271073,0,4513.275017,2537.545407,2201.905993,2038.783578,8
806.8378245,1958.832206,3706.228434,651.6271073,0,4513.275017,2537.545407,2201.905993,8
0,806.8378245,1958.832206,3706.228434,651.6271073,0,4513.275017,2537.545407,1
0,0,806.8378245,1958.832206,3706.228434,651.6271073,0,4513.275017,1
0,0,0,806.8378245,1958.832206,3706.228434,651.6271073,0,9
0,0,0,0,806.8378245,1958.832206,3706.228434,651.6271073,0
351.9841956,0,0,0,0,806.8378245,1958.832206,3706.228434,8
3463.144196,351.9841956,0,0,0,0,806.8378245,1958.832206,8
0,3463.144196,351.9841956,0,0,0,0,806.8378245,8
4467.213586,0,3463.144196,351.9841956,0,0,0,0,8
246.1903678,4467.213586,0,3463.144196,351.9841956,0,0,0,8
0,246.1903678,4467.213586,0,3463.144196,351.9841956,0,0,1
1682.581827,0,246.1903678,4467.213586,0,3463.144196,351.9841956,0,8
563.1793347,1682.581827,0,246.1903678,4467.213586,0,3463.144196,351.9841956,8
705.2033917,563.1793347,1682.581827,0,246.1903678,4467.213586,0,3463.144196,8
0,705.2033917,563.1793347,1682.581827,0,246.1903678,4467.213586,0,9
0,0,705.2033917,563.1793347,1682.581827,0,246.1903678,4467.213586,1
47.30931445,0,0,705.2033917,563.1793347,1682.581827,0,246.1903678,8
2273.652064,47.30931445,0,0,705.2033917,563.1793347,1682.581827,0,8
0,2273.652064,47.30931445,0,0,705.2033917,563.1793347,1682.581827,1
374.7668015,0,2273.652064,47.30931445,0,0,705.2033917,563.1793347,8
4055.340531,374.7668015,0,2273.652064,47.30931445,0,0,705.2033917,8
0,4055.340531,374.7668015,0,2273.652064,47.30931445,0,0,1
3473.314662,0,4055.340531,374.7668015,0,2273.652064,47.30931445,0,8
307.4380596,3473.314662,0,4055.340531,374.7668015,0,2273.652064,47.30931445,8
1743.344921,307.4380596,3473.314662,0,4055.340531,374.7668015,0,2273.652064,8
0,1743.344921,307.4380596,3473.314662,0,4055.340531,374.7668015,0,8
510.5418458,0,1743.344921,307.4380596,3473.314662,0,4055.340531,374.7668015,8
1395.563506,510.5418458,0,1743.344921,307.4380596,3473.314662,0,4055.340531,8
1142.44596,1395.563506,510.5418458,0,1743.344921,307.4380596,3473.314662,0,8
1534.979341,1142.44596,1395.563506,510.5418458,0,1743.344921,307.4380596,3473.314662,8
0,1534.979341,1142.44596,1395.563506,510.5418458,0,1743.344921,307.4380596,0
1555.762813,0,1534.979341,1142.44596,1395.563506,510.5418458,0,1743.344921,8
379.0755168,1555.762813,0,1534.979341,1142.44596,1395.563506,510.5418458,0,8
1050.973191,379.0755168,1555.762813,0,1534.979341,1142.44596,1395.563506,510.5418458,8
2602.125717,1050.973191,379.0755168,1555.762813,0,1534.979341,1142.44596,1395.563506,8
3913.657236,2602.125717,1050.973191,379.0755168,1555.762813,0,1534.979341,1142.44596,8
983.6430891,3913.657236,2602.125717,1050.973191,379.0755168,1555.762813,0,1534.979341,8
0,983.6430891,3913.657236,2602.125717,1050.973191,379.0755168,1555.762813,0,9
2830.572389,0,983.6430891,3913.657236,2602.125717,1050.973191,379.0755168,1555.762813,8
0,2830.572389,0,983.6430891,3913.657236,2602.125717,1050.973191,379.0755168,1
287.0788374,0,2830.572389,0,983.6430891,3913.657236,2602.125717,1050.973191,8
0,287.0788374,0,2830.572389,0,983.6430891,3913.657236,2602.125717,1
0,0,287.0788374,0,2830.572389,0,983.6430891,3913.657236,0
327.5227174,0,0,287.0788374,0,2830.572389,0,983.6430891,8
0,327.5227174,0,0,287.0788374,0,2830.572389,0,0
42.94425,0,327.5227174,0,0,287.0788374,0,2830.572389,8
742.8994378,42.94425,0,327.5227174,0,0,287.0788374,0,8
470.3783483,742.8994378,42.94425,0,327.5227174,0,0,287.0788374,8
0,470.3783483,742.8994378,42.94425,0,327.5227174,0,0,9
475.3225851,0,470.3783483,742.8994378,42.94425,0,327.5227174,0,8
1457.410445,475.3225851,0,470.3783483,742.8994378,42.94425,0,327.5227174,8
3640.627759,1457.410445,475.3225851,0,470.3783483,742.8994378,42.94425,0,8
431.721521,3640.627759,1457.410445,475.3225851,0,470.3783483,742.8994378,42.94425,8
157.2384096,431.721521,3640.627759,1457.410445,475.3225851,0,470.3783483,742.8994378,8
18.43871184,157.2384096,431.721521,3640.627759,1457.410445,475.3225851,0,470.3783483,8
1576.976823,18.43871184,157.2384096,431.721521,3640.627759,1457.410445,475.3225851,0,8
399.6461229,1576.976823,18.43871184,157.2384096,431.721521,3640.627759,1457.410445,475.3225851,8
60.12281331,399.6461229,1576.976823,18.43871184,157.2384096,431.721521,3640.627759,1457.410445,8
0,60.12281331,399.6461229,1576.976823,18.43871184,157.2384096,431.721521,3640.627759,0
1963.736332,0,60.12281331,399.6461229,1576.976823,18.43871184,157.2384096,431.721521,8
0,1963.736332,0,60.12281331,399.6461229,1576.976823,18.43871184,157.2384096,0
2084.163836,0,1963.736332,0,60.12281331,399.6461229,1576.976823,18.43871184,5
0,2084.163836,0,1963.736332,0,60.12281331,399.6461229,1576.976823,0
236.1254913,0,2084.163836,0,1963.736332,0,60.12281331,399.6461229,8
1270.207416,236.1254913,0,2084.163836,0,1963.736332,0,60.12281331,8
147.5147013,1270.207416,236.1254913,0,2084.163836,0,1963.736332,0,8
22.61941709,147.5147013,1270.207416,236.1254913,0,2084.163836,0,1963.736332,8
1455.120299,22.61941709,147.5147013,1270.207416,236.1254913,0,2084.163836,0,8
1613.2636,1455.120299,22.61941709,147.5147013,1270.207416,236.1254913,0,2084.163836,8
776.588998,1613.2636,1455.120299,22.61941709,147.5147013,1270.207416,236.1254913,0,8
592.9900919,776.588998,1613.2636,1455.120299,22.61941709,147.5147013,1270.207416,236.1254913,8
711.6856187,592.9900919,776.588998,1613.2636,1455.120299,22.61941709,147.5147013,1270.207416,8
3039.35989,711.6856187,592.9900919,776.588998,1613.2636,1455.120299,22.61941709,147.5147013,8
1095.100489,3039.35989,711.6856187,592.9900919,776.588998,1613.2636,1455.120299,22.61941709,8
847.4431219,1095.100489,3039.35989,711.6856187,592.9900919,776.588998,1613.2636,1455.120299,8
0,847.4431219,1095.100489,3039.35989,711.6856187,592.9900919,776.588998,1613.2636,9
1968.334547,0,847.4431219,1095.100489,3039.35989,711.6856187,592.9900919,776.588998,8
0,1968.334547,0,847.4431219,1095.100489,3039.35989,711.6856187,592.9900919,6
250.4687379,0,1968.334547,0,847.4431219,1095.100489,3039.35989,711.6856187,8
696.2676081,250.4687379,0,1968.334547,0,847.4431219,1095.100489,3039.35989,8
143.8294694,696.2676081,250.4687379,0,1968.334547,0,847.4431219,1095.100489,8
541.8367157,143.8294694,696.2676081,250.4687379,0,1968.334547,0,847.4431219,8
25.45286919,541.8367157,143.8294694,696.2676081,250.4687379,0,1968.334547,0,8
139.4465494,25.45286919,541.8367157,143.8294694,696.2676081,250.4687379,0,1968.334547,8
13202.23989,139.4465494,25.45286919,541.8367157,143.8294694,696.2676081,250.4687379,0,5
0,13202.23989,139.4465494,25.45286919,541.8367157,143.8294694,696.2676081,250.4687379,1
206.2351233,0,13202.23989,139.4465494,25.45286919,541.8367157,143.8294694,696.2676081,8
0,206.2351233,0,13202.23989,139.4465494,25.45286919,541.8367157,143.8294694,0
257.7039622,0,206.2351233,0,13202.23989,139.4465494,25.45286919,541.8367157,8
0,257.7039622,0,206.2351233,0,13202.23989,139.4465494,25.45286919,0
0,0,257.7039622,0,206.2351233,0,13202.23989,139.4465494,8
572.5902678,0,0,257.7039622,0,206.2351233,0,13202.23989,8
3535.968024,572.5902678,0,0,257.7039622,0,206.2351233,0,4
0.106661874,3535.968024,572.5902678,0,0,257.7039622,0,206.2351233,8
2580.81821,0.106661874,3535.968024,572.5902678,0,0,257.7039622,0,8
2507.8391,2580.81821,0.106661874,3535.968024,572.5902678,0,0,257.7039622,5
1743.052142,2507.8391,2580.81821,0.106661874,3535.968024,572.5902678,0,0,8
95.15352844,1743.052142,2507.8391,2580.81821,0.106661874,3535.968024,572.5902678,0,8
1671.055241,95.15352844,1743.052142,2507.8391,2580.81821,0.106661874,3535.968024,572.5902678,8
0,1671.055241,95.15352844,1743.052142,2507.8391,2580.81821,0.106661874,3535.968024,1
2423.014575,0,1671.055241,95.15352844,1743.052142,2507.8391,2580.81821,0.106661874,8
0,2423.014575,0,1671.055241,95.15352844,1743.052142,2507.8391,2580.81821,9
20.34032171,0,2423.014575,0,1671.055241,95.15352844,1743.052142,2507.8391,8
1284.596957,20.34032171,0,2423.014575,0,1671.055241,95.15352844,1743.052142,8
281.5991704,1284.596957,20.34032171,0,2423.014575,0,1671.055241,95.15352844,8
2351.797631,281.5991704,1284.596957,20.34032171,0,2423.014575,0,1671.055241,8
165.0283372,2351.797631,281.5991704,1284.596957,20.34032171,0,2423.014575,0,8
253.8270786,165.0283372,2351.797631,281.5991704,1284.596957,20.34032171,0,2423.014575,8
0,253.8270786,165.0283372,2351.797631,281.5991704,1284.596957,20.34032171,0,5
5091.216892,0,253.8270786,165.0283372,2351.797631,281.5991704,1284.596957,20.34032171,4
0,5091.216892,0,253.8270786,165.0283372,2351.797631,281.5991704,1284.596957,1
0,0,5091.216892,0,253.8270786,165.0283372,2351.797631,281.5991704,1
259.8875526,0,0,5091.216892,0,253.8270786,165.0283372,2351.797631,8
5316.749235,259.8875526,0,0,5091.216892,0,253.8270786,165.0283372,4
0,5316.749235,259.8875526,0,0,5091.216892,0,253.8270786,1
0,0,5316.749235,259.8875526,0,0,5091.216892,0,0
0,0,0,5316.749235,259.8875526,0,0,5091.216892,1
0,0,0,0,5316.749235,259.8875526,0,0,0
3519.20948,0,0,0,0,5316.749235,259.8875526,0,8
776.1519423,3519.20948,0,0,0,0,5316.749235,259.8875526,8
0,776.1519423,3519.20948,0,0,0,0,5316.749235,1
417.6076037,0,776.1519423,3519.20948,0,0,0,0,8
0,417.6076037,0,776.1519423,3519.20948,0,0,0,0
1152.254124,0,417.6076037,0,776.1519423,3519.20948,0,0,8
1980.590788,1152.254124,0,417.6076037,0,776.1519423,3519.20948,0,4
1594.73456,1980.590788,1152.254124,0,417.6076037,0,776.1519423,3519.20948,8
313.8180439,1594.73456,1980.590788,1152.254124,0,417.6076037,0,776.1519423,8
6737.283706,313.8180439,1594.73456,1980.590788,1152.254124,0,417.6076037,0,5
0,6737.283706,313.8180439,1594.73456,1980.590788,1152.254124,0,417.6076037,0
0,0,6737.283706,313.8180439,1594.73456,1980.590788,1152.254124,0,1
2732.215046,0,0,6737.283706,313.8180439,1594.73456,1980.590788,1152.254124,8
2660.50912,2732.215046,0,0,6737.283706,313.8180439,1594.73456,1980.590788,4
1350.222969,2660.50912,2732.215046,0,0,6737.283706,313.8180439,1594.73456,8
0,1350.222969,2660.50912,2732.215046,0,0,6737.283706,313.8180439,0
2913.522834,0,1350.222969,2660.50912,2732.215046,0,0,6737.283706,8
1434.49332,2913.522834,0,1350.222969,2660.50912,2732.215046,0,0,8
0,1434.49332,2913.522834,0,1350.222969,2660.50912,2732.215046,0,1
371.6411329,0,1434.49332,2913.522834,0,1350.222969,2660.50912,2732.215046,8
9812.687616,371.6411329,0,1434.49332,2913.522834,0,1350.222969,2660.50912,5
2783.989179,9812.687616,371.6411329,0,1434.49332,2913.522834,0,1350.222969,8
695.9907445,2783.989179,9812.687616,371.6411329,0,1434.49332,2913.522834,0,8
83.44852617,695.9907445,2783.989179,9812.687616,371.6411329,0,1434.49332,2913.522834,8
0,83.44852617,695.9907445,2783.989179,9812.687616,371.6411329,0,1434.49332,1
218.07858,0,83.44852617,695.9907445,2783.989179,9812.687616,371.6411329,0,8
1321.995719,218.07858,0,83.44852617,695.9907445,2783.989179,9812.687616,371.6411329,8
108.3810454,1321.995719,218.07858,0,83.44852617,695.9907445,2783.989179,9812.687616,8
6.676366197,108.3810454,1321.995719,218.07858,0,83.44852617,695.9907445,2783.989179,8
1364.89714,6.676366197,108.3810454,1321.995719,218.07858,0,83.44852617,695.9907445,8
0,1364.89714,6.676366197,108.3810454,1321.995719,218.07858,0,83.44852617,0
2139.01795,0,1364.89714,6.676366197,108.3810454,1321.995719,218.07858,0,8
0,2139.01795,0,1364.89714,6.676366197,108.3810454,1321.995719,218.07858,0
0,0,2139.01795,0,1364.89714,6.676366197,108.3810454,1321.995719,0
1710.351813,0,0,2139.01795,0,1364.89714,6.676366197,108.3810454,8
183.2522474,1710.351813,0,0,2139.01795,0,1364.89714,6.676366197,8
0,183.2522474,1710.351813,0,0,2139.01795,0,1364.89714,0
0,0,183.2522474,1710.351813,0,0,2139.01795,0,1
474.1533063,0,0,183.2522474,1710.351813,0,0,2139.01795,8
0,474.1533063,0,0,183.2522474,1710.351813,0,0,1
118.8906541,0,474.1533063,0,0,183.2522474,1710.351813,0,8
0,118.8906541,0,474.1533063,0,0,183.2522474,1710.351813,1
0,0,118.8906541,0,474.1533063,0,0,183.2522474,0
0,0,0,118.8906541,0,474.1533063,0,0,0
0,0,0,0,118.8906541,0,474.1533063,0,8
0,0,0,0,0,118.8906541,0,474.1533063,1
1745.230043,0,0,0,0,0,118.8906541,0,4
0,1745.230043,0,0,0,0,0,118.8906541,0
1397.875282,0,1745.230043,0,0,0,0,0,8
0,1397.875282,0,1745.230043,0,0,0,0,1
464.7573224,0,1397.875282,0,1745.230043,0,0,0,8
0,464.7573224,0,1397.875282,0,1745.230043,0,0,9
0,0,464.7573224,0,1397.875282,0,1745.230043,0,1
199.8934901,0,0,464.7573224,0,1397.875282,0,1745.230043,8
6115.173267,199.8934901,0,0,464.7573224,0,1397.875282,0,8
0,6115.173267,199.8934901,0,0,464.7573224,0,1397.875282,0
0,0,6115.173267,199.8934901,0,0,464.7573224,0,0
48.01241497,0,0,6115.173267,199.8934901,0,0,464.7573224,8
0,48.01241497,0,0,6115.173267,199.8934901,0,0,1
0,0,48.01241497,0,0,6115.173267,199.8934901,0,9
593.2311163,0,0,48.01241497,0,0,6115.173267,199.8934901,8
0,593.2311163,0,0,48.01241497,0,0,6115.173267,1
32.01174268,0,593.2311163,0,0,48.01241497,0,0,8
337.4126695,32.01174268,0,593.2311163,0,0,48.01241497,0,8
1285.494709,337.4126695,32.01174268,0,593.2311163,0,0,48.01241497,8
0,1285.494709,337.4126695,32.01174268,0,593.2311163,0,0,9
0,0,1285.494709,337.4126695,32.01174268,0,593.2311163,0,0
442.7650163,0,0,1285.494709,337.4126695,32.01174268,0,593.2311163,8
332.4220621,442.7650163,0,0,1285.494709,337.4126695,32.01174268,0,8
0,332.4220621,442.7650163,0,0,1285.494709,337.4126695,32.01174268,1
0,0,332.4220621,442.7650163,0,0,1285.494709,337.4126695,8
387.2536883,0,0,332.4220621,442.7650163,0,0,1285.494709,8
1434.058047,387.2536883,0,0,332.4220621,442.7650163,0,0,8
97.97223902,1434.058047,387.2536883,0,0,332.4220621,442.7650163,0,8
0,97.97223902,1434.058047,387.2536883,0,0,332.4220621,442.7650163,8
0,0,97.97223902,1434.058047,387.2536883,0,0,332.4220621,1
3840.60157,0,0,97.97223902,1434.058047,387.2536883,0,0,4
0,3840.60157,0,0,97.97223902,1434.058047,387.2536883,0,0
0,0,3840.60157,0,0,97.97223902,1434.058047,387.2536883,8
372.0327204,0,0,3840.60157,0,0,97.97223902,1434.058047,8
368.4306426,372.0327204,0,0,3840.60157,0,0,97.97223902,8
0,368.4306426,372.0327204,0,0,3840.60157,0,0,8
239.1320275,0,368.4306426,372.0327204,0,0,3840.60157,0,8
0,239.1320275,0,368.4306426,372.0327204,0,0,3840.60157,0
34.43473451,0,239.1320275,0,368.4306426,372.0327204,0,0,8
0,34.43473451,0,239.1320275,0,368.4306426,372.0327204,0,8
135.8198461,0,34.43473451,0,239.1320275,0,368.4306426,372.0327204,8
2146.279587,135.8198461,0,34.43473451,0,239.1320275,0,368.4306426,4
0,2146.279587,135.8198461,0,34.43473451,0,239.1320275,0,1
370.557669,0,2146.279587,135.8198461,0,34.43473451,0,239.1320275,8
611.3213209,370.557669,0,2146.279587,135.8198461,0,34.43473451,0,4
0,611.3213209,370.557669,0,2146.279587,135.8198461,0,34.43473451,8
328.9751206,0,611.3213209,370.557669,0,2146.279587,135.8198461,0,8
1287.081122,328.9751206,0,611.3213209,370.557669,0,2146.279587,135.8198461,4
6051.253509,1287.081122,328.9751206,0,611.3213209,370.557669,0,2146.279587,5
2492.868725,6051.253509,1287.081122,328.9751206,0,611.3213209,370.557669,0,4
478.8635189,2492.868725,6051.253509,1287.081122,328.9751206,0,611.3213209,370.557669,4
0,478.8635189,2492.868725,6051.253509,1287.081122,328.9751206,0,611.3213209,1
2.33E-10,0,478.8635189,2492.868725,6051.253509,1287.081122,328.9751206,0,5
0,2.33E-10,0,478.8635189,2492.868725,6051.253509,1287.081122,328.9751206,8
0,0,2.33E-10,0,478.8635189,2492.868725,6051.253509,1287.081122,0
1368.35224,0,0,2.33E-10,0,478.8635189,2492.868725,6051.253509,8
559.2031248,1368.35224,0,0,2.33E-10,0,478.8635189,2492.868725,8
1573.017848,559.2031248,1368.35224,0,0,2.33E-10,0,478.8635189,8
360.9063986,1573.017848,559.2031248,1368.35224,0,0,2.33E-10,0,8
0,360.9063986,1573.017848,559.2031248,1368.35224,0,0,2.33E-10,1
103.9860272,0,360.9063986,1573.017848,559.2031248,1368.35224,0,0,8
2502.241385,103.9860272,0,360.9063986,1573.017848,559.2031248,1368.35224,0,5
1848.098434,2502.241385,103.9860272,0,360.9063986,1573.017848,559.2031248,1368.35224,8
0,1848.098434,2502.241385,103.9860272,0,360.9063986,1573.017848,559.2031248,1
0,0,1848.098434,2502.241385,103.9860272,0,360.9063986,1573.017848,0
0,0,0,1848.098434,2502.241385,103.9860272,0,360.9063986,1
204.5482612,0,0,0,1848.098434,2502.241385,103.9860272,0,8
248.0974401,204.5482612,0,0,0,1848.098434,2502.241385,103.9860272,8
136.4819004,248.0974401,204.5482612,0,0,0,1848.098434,2502.241385,8
0,136.4819004,248.0974401,204.5482612,0,0,0,1848.098434,1
1549.240134,0,136.4819004,248.0974401,204.5482612,0,0,0,8
68.74500584,1549.240134,0,136.4819004,248.0974401,204.5482612,0,0,8
0,68.74500584,1549.240134,0,136.4819004,248.0974401,204.5482612,0,1
0,0,68.74500584,1549.240134,0,136.4819004,248.0974401,204.5482612,1
0,0,0,68.74500584,1549.240134,0,136.4819004,248.0974401,0
0,0,0,0,68.74500584,1549.240134,0,136.4819004,9
0,0,0,0,0,68.74500584,1549.240134,0,1
0,0,0,0,0,0,68.74500584,1549.240134,1
601.4048879,0,0,0,0,0,0,68.74500584,8
527.634462,601.4048879,0,0,0,0,0,0,8
80.1228106,527.634462,601.4048879,0,0,0,0,0,8
5.82E-11,80.1228106,527.634462,601.4048879,0,0,0,0,8
0,5.82E-11,80.1228106,527.634462,601.4048879,0,0,0,0
550.1145197,0,5.82E-11,80.1228106,527.634462,601.4048879,0,0,8
1741.228245,550.1145197,0,5.82E-11,80.1228106,527.634462,601.4048879,0,4
0,1741.228245,550.1145197,0,5.82E-11,80.1228106,527.634462,601.4048879,8
136.1034728,0,1741.228245,550.1145197,0,5.82E-11,80.1228106,527.634462,8
135.9396954,136.1034728,0,1741.228245,550.1145197,0,5.82E-11,80.1228106,8
0,135.9396954,136.1034728,0,1741.228245,550.1145197,0,5.82E-11,0
0,0,135.9396954,136.1034728,0,1741.228245,550.1145197,0,9
1408.407837,0,0,135.9396954,136.1034728,0,1741.228245,550.1145197,8
331.0218731,1408.407837,0,0,135.9396954,136.1034728,0,1741.228245,8
1148.87559,331.0218731,1408.407837,0,0,135.9396954,136.1034728,0,8
199.6652309,1148.87559,331.0218731,1408.407837,0,0,135.9396954,136.1034728,8
0,199.6652309,1148.87559,331.0218731,1408.407837,0,0,135.9396954,1
270.6222807,0,199.6652309,1148.87559,331.0218731,1408.407837,0,0,8
62.75435492,270.6222807,0,199.6652309,1148.87559,331.0218731,1408.407837,0,8
0,62.75435492,270.6222807,0,199.6652309,1148.87559,331.0218731,1408.407837,9
0,0,62.75435492,270.6222807,0,199.6652309,1148.87559,331.0218731,1
0,0,0,62.75435492,270.6222807,0,199.6652309,1148.87559,8
78.83924078,0,0,0,62.75435492,270.6222807,0,199.6652309,8
2028.357865,78.83924078,0,0,0,62.75435492,270.6222807,0,4
659.1305668,2028.357865,78.83924078,0,0,0,62.75435492,270.6222807,4
174.198347,659.1305668,2028.357865,78.83924078,0,0,0,62.75435492,8
108.3470504,174.198347,659.1305668,2028.357865,78.83924078,0,0,0,8
0,108.3470504,174.198347,659.1305668,2028.357865,78.83924078,0,0,9
505.1749196,0,108.3470504,174.198347,659.1305668,2028.357865,78.83924078,0,4
1198.916652,505.1749196,0,108.3470504,174.198347,659.1305668,2028.357865,78.83924078,8
30.5788376,1198.916652,505.1749196,0,108.3470504,174.198347,659.1305668,2028.357865,8
279.8446272,30.5788376,1198.916652,505.1749196,0,108.3470504,174.198347,659.1305668,8
242.9690903,279.8446272,30.5788376,1198.916652,505.1749196,0,108.3470504,174.198347,8
0,242.9690903,279.8446272,30.5788376,1198.916652,505.1749196,0,108.3470504,9
0,0,242.9690903,279.8446272,30.5788376,1198.916652,505.1749196,0,1
22.9546261,0,0,242.9690903,279.8446272,30.5788376,1198.916652,505.1749196,8
426.3624791,22.9546261,0,0,242.9690903,279.8446272,30.5788376,1198.916652,8
278.1012572,426.3624791,22.9546261,0,0,242.9690903,279.8446272,30.5788376,8
0,278.1012572,426.3624791,22.9546261,0,0,242.9690903,279.8446272,0
1465.59977,0,278.1012572,426.3624791,22.9546261,0,0,242.9690903,8
0,1465.59977,0,278.1012572,426.3624791,22.9546261,0,0,9
66.79810757,0,1465.59977,0,278.1012572,426.3624791,22.9546261,0,8
519.2007674,66.79810757,0,1465.59977,0,278.1012572,426.3624791,22.9546261,8
165.9037248,519.2007674,66.79810757,0,1465.59977,0,278.1012572,426.3624791,8
244.6558665,165.9037248,519.2007674,66.79810757,0,1465.59977,0,278.1012572,4
0,244.6558665,165.9037248,519.2007674,66.79810757,0,1465.59977,0,9
48.63552831,0,244.6558665,165.9037248,519.2007674,66.79810757,0,1465.59977,8
0,48.63552831,0,244.6558665,165.9037248,519.2007674,66.79810757,0,0
47.20918427,0,48.63552831,0,244.6558665,165.9037248,519.2007674,66.79810757,8
0,47.20918427,0,48.63552831,0,244.6558665,165.9037248,519.2007674,8
45.29693131,0,47.20918427,0,48.63552831,0,244.6558665,165.9037248,8
0,45.29693131,0,47.20918427,0,48.63552831,0,244.6558665,1
0,0,45.29693131,0,47.20918427,0,48.63552831,0,0
25.11483908,0,0,45.29693131,0,47.20918427,0,48.63552831,8
36.31078153,25.11483908,0,0,45.29693131,0,47.20918427,0,8
0,36.31078153,25.11483908,0,0,45.29693131,0,47.20918427,1
332.0600834,0,36.31078153,25.11483908,0,0,45.29693131,0,8
0,332.0600834,0,36.31078153,25.11483908,0,0,45.29693131,1
0,0,332.0600834,0,36.31078153,25.11483908,0,0,1
0,0,0,332.0600834,0,36.31078153,25.11483908,0,1
0,0,0,0,332.0600834,0,36.31078153,25.11483908,0
1442.733479,0,0,0,0,332.0600834,0,36.31078153,5
0,1442.733479,0,0,0,0,332.0600834,0,1
0,0,1442.733479,0,0,0,0,332.0600834,1
0,0,0,1442.733479,0,0,0,0,1
482.3530907,0,0,0,1442.733479,0,0,0,4
0,482.3530907,0,0,0,1442.733479,0,0,1
0,0,482.3530907,0,0,0,1442.733479,0,1
0,0,0,482.3530907,0,0,0,1442.733479,0
0,0,0,0,482.3530907,0,0,0,1
309.4960407,0,0,0,0,482.3530907,0,0,8
211.3318022,309.4960407,0,0,0,0,482.3530907,0,4
0,211.3318022,309.4960407,0,0,0,0,482.3530907,0
1259.478838,0,211.3318022,309.4960407,0,0,0,0,4
8.021144,1259.478838,0,211.3318022,309.4960407,0,0,0,8
1219.617305,8.021144,1259.478838,0,211.3318022,309.4960407,0,0,8
0,1219.617305,8.021144,1259.478838,0,211.3318022,309.4960407,0,8
74.27709491,0,1219.617305,8.021144,1259.478838,0,211.3318022,309.4960407,8
417.6597045,74.27709491,0,1219.617305,8.021144,1259.478838,0,211.3318022,8
0,417.6597045,74.27709491,0,1219.617305,8.021144,1259.478838,0,0
0,0,417.6597045,74.27709491,0,1219.617305,8.021144,1259.478838,0
0,0,0,417.6597045,74.27709491,0,1219.617305,8.021144,1
167.9189482,0,0,0,417.6597045,74.27709491,0,1219.617305,4
1321.947489,167.9189482,0,0,0,417.6597045,74.27709491,0,8
0,1321.947489,167.9189482,0,0,0,417.6597045,74.27709491,9
1464.449185,0,1321.947489,167.9189482,0,0,0,417.6597045,4
0,1464.449185,0,1321.947489,167.9189482,0,0,0,0
78.23492878,0,1464.449185,0,1321.947489,167.9189482,0,0,8
0,78.23492878,0,1464.449185,0,1321.947489,167.9189482,0,1
0,0,78.23492878,0,1464.449185,0,1321.947489,167.9189482,1
0,0,0,78.23492878,0,1464.449185,0,1321.947489,1
0,0,0,0,78.23492878,0,1464.449185,0,1
32.26564467,0,0,0,0,78.23492878,0,1464.449185,8
0,32.26564467,0,0,0,0,78.23492878,0,9
498.4608033,0,32.26564467,0,0,0,0,78.23492878,8
0,498.4608033,0,32.26564467,0,0,0,0,0
0,0,498.4608033,0,32.26564467,0,0,0,1
24.41802388,0,0,498.4608033,0,32.26564467,0,0,8
300.4250915,24.41802388,0,0,498.4608033,0,32.26564467,0,8
0,300.4250915,24.41802388,0,0,498.4608033,0,32.26564467,1
49.32199728,0,300.4250915,24.41802388,0,0,498.4608033,0,8
368.7708866,49.32199728,0,300.4250915,24.41802388,0,0,498.4608033,4
24.08606784,368.7708866,49.32199728,0,300.4250915,24.41802388,0,0,8
37.0540293,24.08606784,368.7708866,49.32199728,0,300.4250915,24.41802388,0,8
0,37.0540293,24.08606784,368.7708866,49.32199728,0,300.4250915,24.41802388,1
0,0,37.0540293,24.08606784,368.7708866,49.32199728,0,300.4250915,1
0,0,0,37.0540293,24.08606784,368.7708866,49.32199728,0,1
0,0,0,0,37.0540293,24.08606784,368.7708866,49.32199728,1
194.7934799,0,0,0,0,37.0540293,24.08606784,368.7708866,4
27.53294204,194.7934799,0,0,0,0,37.0540293,24.08606784,8
1163.93381,27.53294204,194.7934799,0,0,0,0,37.0540293,8
1449.905201,1163.93381,27.53294204,194.7934799,0,0,0,0,8
0,1449.905201,1163.93381,27.53294204,194.7934799,0,0,0,1
1191.11915,0,1449.905201,1163.93381,27.53294204,194.7934799,0,0,8
348.5254773,1191.11915,0,1449.905201,1163.93381,27.53294204,194.7934799,0,8
0,348.5254773,1191.11915,0,1449.905201,1163.93381,27.53294204,194.7934799,0
0,0,348.5254773,1191.11915,0,1449.905201,1163.93381,27.53294204,0
448.2541893,0,0,348.5254773,1191.11915,0,1449.905201,1163.93381,8
168.4688097,448.2541893,0,0,348.5254773,1191.11915,0,1449.905201,4
56.7082233,168.4688097,448.2541893,0,0,348.5254773,1191.11915,0,8
28.60315426,56.7082233,168.4688097,448.2541893,0,0,348.5254773,1191.11915,4
469.1317476,28.60315426,56.7082233,168.4688097,448.2541893,0,0,348.5254773,8
77.90428789,469.1317476,28.60315426,56.7082233,168.4688097,448.2541893,0,0,8
0,77.90428789,469.1317476,28.60315426,56.7082233,168.4688097,448.2541893,0,0
33.33566433,0,77.90428789,469.1317476,28.60315426,56.7082233,168.4688097,448.2541893,4
2.91E-11,33.33566433,0,77.90428789,469.1317476,28.60315426,56.7082233,168.4688097,8
0,2.91E-11,33.33566433,0,77.90428789,469.1317476,28.60315426,56.7082233,1
87.90750811,0,2.91E-11,33.33566433,0,77.90428789,469.1317476,28.60315426,8
3657.891099,87.90750811,0,2.91E-11,33.33566433,0,77.90428789,469.1317476,6
940.7181124,3657.891099,87.90750811,0,2.91E-11,33.33566433,0,77.90428789,4
11.94123931,940.7181124,3657.891099,87.90750811,0,2.91E-11,33.33566433,0,4
0,11.94123931,940.7181124,3657.891099,87.90750811,0,2.91E-11,33.33566433,6
0,0,11.94123931,940.7181124,3657.891099,87.90750811,0,2.91E-11,1
169.8697127,0,0,11.94123931,940.7181124,3657.891099,87.90750811,0,8
0,169.8697127,0,0,11.94123931,940.7181124,3657.891099,87.90750811,1
304.9867027,0,169.8697127,0,0,11.94123931,940.7181124,3657.891099,8
0,304.9867027,0,169.8697127,0,0,11.94123931,940.7181124,0
1589.671124,0,304.9867027,0,169.8697127,0,0,11.94123931,4
92.26516235,1589.671124,0,304.9867027,0,169.8697127,0,0,8
1038.435084,92.26516235,1589.671124,0,304.9867027,0,169.8697127,0,8
347.1971393,1038.435084,92.26516235,1589.671124,0,304.9867027,0,169.8697127,8
74.95116562,347.1971393,1038.435084,92.26516235,1589.671124,0,304.9867027,0,8
91.93107044,74.95116562,347.1971393,1038.435084,92.26516235,1589.671124,0,304.9867027,8
1124.376783,91.93107044,74.95116562,347.1971393,1038.435084,92.26516235,1589.671124,0,8
0,1124.376783,91.93107044,74.95116562,347.1971393,1038.435084,92.26516235,1589.671124,1
1112.486839,0,1124.376783,91.93107044,74.95116562,347.1971393,1038.435084,92.26516235,8
0,1112.486839,0,1124.376783,91.93107044,74.95116562,347.1971393,1038.435084,8
0,0,1112.486839,0,1124.376783,91.93107044,74.95116562,347.1971393,8
37.55673741,0,0,1112.486839,0,1124.376783,91.93107044,74.95116562,4
0,37.55673741,0,0,1112.486839,0,1124.376783,91.93107044,1
0,0,37.55673741,0,0,1112.486839,0,1124.376783,0
0,0,0,37.55673741,0,0,1112.486839,0,0
0,0,0,0,37.55673741,0,0,1112.486839,0
73.58608586,0,0,0,0,37.55673741,0,0,4
0,73.58608586,0,0,0,0,37.55673741,0,9
97.59240007,0,73.58608586,0,0,0,0,37.55673741,8
73.51051529,97.59240007,0,73.58608586,0,0,0,0,8
0,73.51051529,97.59240007,0,73.58608586,0,0,0,0
0,0,73.51051529,97.59240007,0,73.58608586,0,0,9
0,0,0,73.51051529,97.59240007,0,73.58608586,0,9
324.1703559,0,0,0,73.51051529,97.59240007,0,73.58608586,8
130.9605685,324.1703559,0,0,0,73.51051529,97.59240007,0,8
17.20642194,130.9605685,324.1703559,0,0,0,73.51051529,97.59240007,8
0,17.20642194,130.9605685,324.1703559,0,0,0,73.51051529,1
0,0,17.20642194,130.9605685,324.1703559,0,0,0,8
1.008384269,0,0,17.20642194,130.9605685,324.1703559,0,0,8
174.5949319,1.008384269,0,0,17.20642194,130.9605685,324.1703559,0,8
92.34942797,174.5949319,1.008384269,0,0,17.20642194,130.9605685,324.1703559,8
348.250771,92.34942797,174.5949319,1.008384269,0,0,17.20642194,130.9605685,4
52.79287736,348.250771,92.34942797,174.5949319,1.008384269,0,0,17.20642194,4
0,52.79287736,348.250771,92.34942797,174.5949319,1.008384269,0,0,8
0,0,52.79287736,348.250771,92.34942797,174.5949319,1.008384269,0,8
0,0,0,52.79287736,348.250771,92.34942797,174.5949319,1.008384269,8
280.7904377,0,0,0,52.79287736,348.250771,92.34942797,174.5949319,8
0,280.7904377,0,0,0,52.79287736,348.250771,92.34942797,1
0,0,280.7904377,0,0,0,52.79287736,348.250771,1
0,0,0,280.7904377,0,0,0,52.79287736,8
144.5478181,0,0,0,280.7904377,0,0,0,4
125.4865041,144.5478181,0,0,0,280.7904377,0,0,8
0,125.4865041,144.5478181,0,0,0,280.7904377,0,0
0,0,125.4865041,144.5478181,0,0,0,280.7904377,9
0,0,0,125.4865041,144.5478181,0,0,0,9
12.44101263,0,0,0,125.4865041,144.5478181,0,0,4
27.87822135,12.44101263,0,0,0,125.4865041,144.5478181,0,8
104.2033456,27.87822135,12.44101263,0,0,0,125.4865041,144.5478181,8
201.4822589,104.2033456,27.87822135,12.44101263,0,0,0,125.4865041,8
0,201.4822589,104.2033456,27.87822135,12.44101263,0,0,0,0
268.5321907,0,201.4822589,104.2033456,27.87822135,12.44101263,0,0,8
256.0082268,268.5321907,0,201.4822589,104.2033456,27.87822135,12.44101263,0,8
0,256.0082268,268.5321907,0,201.4822589,104.2033456,27.87822135,12.44101263,8
0,0,256.0082268,268.5321907,0,201.4822589,104.2033456,27.87822135,0
0,0,0,256.0082268,268.5321907,0,201.4822589,104.2033456,1
122.2349569,0,0,0,256.0082268,268.5321907,0,201.4822589,8
0,122.2349569,0,0,0,256.0082268,268.5321907,0,8
0,0,122.2349569,0,0,0,256.0082268,268.5321907,8
0,0,0,122.2349569,0,0,0,256.0082268,1
182.1346527,0,0,0,122.2349569,0,0,0,8
128.997031,182.1346527,0,0,0,122.2349569,0,0,8
0,128.997031,182.1346527,0,0,0,122.2349569,0,0
47.34870428,0,128.997031,182.1346527,0,0,0,122.2349569,8
36.1089504,47.34870428,0,128.997031,182.1346527,0,0,0,8
70.85623505,36.1089504,47.34870428,0,128.997031,182.1346527,0,0,8
0,70.85623505,36.1089504,47.34870428,0,128.997031,182.1346527,0,0
0,0,70.85623505,36.1089504,47.34870428,0,128.997031,182.1346527,1
0,0,0,70.85623505,36.1089504,47.34870428,0,128.997031,1
0.212558111,0,0,0,70.85623505,36.1089504,47.34870428,0,8
0,0.212558111,0,0,0,70.85623505,36.1089504,47.34870428,8
45.84512201,0,0.212558111,0,0,0,70.85623505,36.1089504,4
0,45.84512201,0,0.212558111,0,0,0,70.85623505,0
199.1375246,0,45.84512201,0,0.212558111,0,0,0,8
96.71447186,199.1375246,0,45.84512201,0,0.212558111,0,0,8
100.8570204,96.71447186,199.1375246,0,45.84512201,0,0.212558111,0,8
0,100.8570204,96.71447186,199.1375246,0,45.84512201,0,0.212558111,0
1354.428203,0,100.8570204,96.71447186,199.1375246,0,45.84512201,0,8
166.7723467,1354.428203,0,100.8570204,96.71447186,199.1375246,0,45.84512201,8
167.8480897,166.7723467,1354.428203,0,100.8570204,96.71447186,199.1375246,0,8
60.33894747,167.8480897,166.7723467,1354.428203,0,100.8570204,96.71447186,199.1375246,8
0,60.33894747,167.8480897,166.7723467,1354.428203,0,100.8570204,96.71447186,8
1137.855216,0,60.33894747,167.8480897,166.7723467,1354.428203,0,100.8570204,8
22.99094412,1137.855216,0,60.33894747,167.8480897,166.7723467,1354.428203,0,8
6.139118874,22.99094412,1137.855216,0,60.33894747,167.8480897,166.7723467,1354.428203,8
119.1453667,6.139118874,22.99094412,1137.855216,0,60.33894747,167.8480897,166.7723467,8
28.88798836,119.1453667,6.139118874,22.99094412,1137.855216,0,60.33894747,167.8480897,8
160.3807224,28.88798836,119.1453667,6.139118874,22.99094412,1137.855216,0,60.33894747,4
99.4074202,160.3807224,28.88798836,119.1453667,6.139118874,22.99094412,1137.855216,0,8
0,99.4074202,160.3807224,28.88798836,119.1453667,6.139118874,22.99094412,1137.855216,1
0,0,99.4074202,160.3807224,28.88798836,119.1453667,6.139118874,22.99094412,1
141.9907602,0,0,99.4074202,160.3807224,28.88798836,119.1453667,6.139118874,8
244.8142474,141.9907602,0,0,99.4074202,160.3807224,28.88798836,119.1453667,8
0,244.8142474,141.9907602,0,0,99.4074202,160.3807224,28.88798836,9
72.01810108,0,244.8142474,141.9907602,0,0,99.4074202,160.3807224,8
324.2724315,72.01810108,0,244.8142474,141.9907602,0,0,99.4074202,4
0,324.2724315,72.01810108,0,244.8142474,141.9907602,0,0,0
0,0,324.2724315,72.01810108,0,244.8142474,141.9907602,0,8
0,0,0,324.2724315,72.01810108,0,244.8142474,141.9907602,8
0,0,0,0,324.2724315,72.01810108,0,244.8142474,8
146.4575768,0,0,0,0,324.2724315,72.01810108,0,8
52.4091709,146.4575768,0,0,0,0,324.2724315,72.01810108,4
0,52.4091709,146.4575768,0,0,0,0,324.2724315,8
0,0,52.4091709,146.4575768,0,0,0,0,9
0,0,0,52.4091709,146.4575768,0,0,0,0
305.7369551,0,0,0,52.4091709,146.4575768,0,0,8
0,305.7369551,0,0,0,52.4091709,146.4575768,0,0
0,0,305.7369551,0,0,0,52.4091709,146.4575768,1
0,0,0,305.7369551,0,0,0,52.4091709,0
119.3618071,0,0,0,305.7369551,0,0,0,8
0,119.3618071,0,0,0,305.7369551,0,0,0
1099.467789,0,119.3618071,0,0,0,305.7369551,0,8
10.53671906,1099.467789,0,119.3618071,0,0,0,305.7369551,8
0,10.53671906,1099.467789,0,119.3618071,0,0,0,0
2.91E-11,0,10.53671906,1099.467789,0,119.3618071,0,0,8
0,2.91E-11,0,10.53671906,1099.467789,0,119.3618071,0,9
0,0,2.91E-11,0,10.53671906,1099.467789,0,119.3618071,0
135.7420752,0,0,2.91E-11,0,10.53671906,1099.467789,0,4
0,135.7420752,0,0,2.91E-11,0,10.53671906,1099.467789,1
0,0,135.7420752,0,0,2.91E-11,0,10.53671906,0
0,0,0,135.7420752,0,0,2.91E-11,0,1
0,0,0,0,135.7420752,0,0,2.91E-11,1
97.51901894,0,0,0,0,135.7420752,0,0,8
0,97.51901894,0,0,0,0,135.7420752,0,0
93.84059738,0,97.51901894,0,0,0,0,135.7420752,8
89.36869713,93.84059738,0,97.51901894,0,0,0,0,8
23.62391352,89.36869713,93.84059738,0,97.51901894,0,0,0,8
0,23.62391352,89.36869713,93.84059738,0,97.51901894,0,0,1
0,0,23.62391352,89.36869713,93.84059738,0,97.51901894,0,1
27.80799155,0,0,23.62391352,89.36869713,93.84059738,0,97.51901894,8
0,27.80799155,0,0,23.62391352,89.36869713,93.84059738,0,1
0,0,27.80799155,0,0,23.62391352,89.36869713,93.84059738,1
50.14880136,0,0,27.80799155,0,0,23.62391352,89.36869713,4
0,50.14880136,0,0,27.80799155,0,0,23.62391352,8
0,0,50.14880136,0,0,27.80799155,0,0,1
0,0,0,50.14880136,0,0,27.80799155,0,1
0,0,0,0,50.14880136,0,0,27.80799155,1
0,0,0,0,0,50.14880136,0,0,1
0,0,0,0,0,0,50.14880136,0,1
0,0,0,0,0,0,0,50.14880136,0
0,0,0,0,0,0,0,0,8
1153.066763,0,0,0,0,0,0,0,8
5.356276998,1153.066763,0,0,0,0,0,0,4
52.63176598,5.356276998,1153.066763,0,0,0,0,0,4
2311.346023,52.63176598,5.356276998,1153.066763,0,0,0,0,8
0.534800157,2311.346023,52.63176598,5.356276998,1153.066763,0,0,0,4
54.74930594,0.534800157,2311.346023,52.63176598,5.356276998,1153.066763,0,0,8
1.345769851,54.74930594,0.534800157,2311.346023,52.63176598,5.356276998,1153.066763,0,8
0,1.345769851,54.74930594,0.534800157,2311.346023,52.63176598,5.356276998,1153.066763,0
2.91E-11,0,1.345769851,54.74930594,0.534800157,2311.346023,52.63176598,5.356276998,8
0,2.91E-11,0,1.345769851,54.74930594,0.534800157,2311.346023,52.63176598,0
37.4685092,0,2.91E-11,0,1.345769851,54.74930594,0.534800157,2311.346023,4
128.5361167,37.4685092,0,2.91E-11,0,1.345769851,54.74930594,0.534800157,8
4.556556127,128.5361167,37.4685092,0,2.91E-11,0,1.345769851,54.74930594,8
16.73386274,4.556556127,128.5361167,37.4685092,0,2.91E-11,0,1.345769851,8
40.07451364,16.73386274,4.556556127,128.5361167,37.4685092,0,2.91E-11,0,8
2.91E-11,40.07451364,16.73386274,4.556556127,128.5361167,37.4685092,0,2.91E-11,8
30.31885777,2.91E-11,40.07451364,16.73386274,4.556556127,128.5361167,37.4685092,0,4
61.65383456,30.31885777,2.91E-11,40.07451364,16.73386274,4.556556127,128.5361167,37.4685092,8
0,61.65383456,30.31885777,2.91E-11,40.07451364,16.73386274,4.556556127,128.5361167,0
8.461429132,0,61.65383456,30.31885777,2.91E-11,40.07451364,16.73386274,4.556556127,8
14.47130257,8.461429132,0,61.65383456,30.31885777,2.91E-11,40.07451364,16.73386274,8
1114.665172,14.47130257,8.461429132,0,61.65383456,30.31885777,2.91E-11,40.07451364,8
166.2595367,1114.665172,14.47130257,8.461429132,0,61.65383456,30.31885777,2.91E-11,4
0,166.2595367,1114.665172,14.47130257,8.461429132,0,61.65383456,30.31885777,1
150.7420306,0,166.2595367,1114.665172,14.47130257,8.461429132,0,61.65383456,4
146.9452039,150.7420306,0,166.2595367,1114.665172,14.47130257,8.461429132,0,8
0,146.9452039,150.7420306,0,166.2595367,1114.665172,14.47130257,8.461429132,0
0,0,146.9452039,150.7420306,0,166.2595367,1114.665172,14.47130257,4
0,0,0,146.9452039,150.7420306,0,166.2595367,1114.665172,4
0,0,0,0,146.9452039,150.7420306,0,166.2595367,0
0,0,0,0,0,146.9452039,150.7420306,0,4
0,0,0,0,0,0,146.9452039,150.7420306,8
0,0,0,0,0,0,0,146.9452039,4
110.8301338,0,0,0,0,0,0,0,8
13.73312334,110.8301338,0,0,0,0,0,0,8
37.19514659,13.73312334,110.8301338,0,0,0,0,0,8
0,37.19514659,13.73312334,110.8301338,0,0,0,0,9
0,0,37.19514659,13.73312334,110.8301338,0,0,0,8
41.742813,0,0,37.19514659,13.73312334,110.8301338,0,0,8
0,41.742813,0,0,37.19514659,13.73312334,110.8301338,0,8
0,0,41.742813,0,0,37.19514659,13.73312334,110.8301338,0
0,0,0,41.742813,0,0,37.19514659,13.73312334,0
67.43359439,0,0,0,41.742813,0,0,37.19514659,8
0,67.43359439,0,0,0,41.742813,0,0,0
0,0,67.43359439,0,0,0,41.742813,0,8
139.1297025,0,0,67.43359439,0,0,0,41.742813,8
37.99924204,139.1297025,0,0,67.43359439,0,0,0,8
0,37.99924204,139.1297025,0,0,67.43359439,0,0,8
1223.030475,0,37.99924204,139.1297025,0,0,67.43359439,0,4
0,1223.030475,0,37.99924204,139.1297025,0,0,67.43359439,9
16.55646639,0,1223.030475,0,37.99924204,139.1297025,0,0,8
17.96040464,16.55646639,0,1223.030475,0,37.99924204,139.1297025,0,8
68.08787798,17.96040464,16.55646639,0,1223.030475,0,37.99924204,139.1297025,4
0,68.08787798,17.96040464,16.55646639,0,1223.030475,0,37.99924204,0
94.19639837,0,68.08787798,17.96040464,16.55646639,0,1223.030475,0,4
32.87702296,94.19639837,0,68.08787798,17.96040464,16.55646639,0,1223.030475,4
0,32.87702296,94.19639837,0,68.08787798,17.96040464,16.55646639,0,8
1526.840529,0,32.87702296,94.19639837,0,68.08787798,17.96040464,16.55646639,4
53.67386557,1526.840529,0,32.87702296,94.19639837,0,68.08787798,17.96040464,8
0,53.67386557,1526.840529,0,32.87702296,94.19639837,0,68.08787798,0
0,0,53.67386557,1526.840529,0,32.87702296,94.19639837,0,0
0,0,0,53.67386557,1526.840529,0,32.87702296,94.19639837,8
167.8681703,0,0,0,53.67386557,1526.840529,0,32.87702296,4
1.041426574,167.8681703,0,0,0,53.67386557,1526.840529,0,8
35.78441068,1.041426574,167.8681703,0,0,0,53.67386557,1526.840529,8
0,35.78441068,1.041426574,167.8681703,0,0,0,53.67386557,1
0,0,35.78441068,1.041426574,167.8681703,0,0,0,0
0,0,0,35.78441068,1.041426574,167.8681703,0,0,0
1140.079021,0,0,0,35.78441068,1.041426574,167.8681703,0,8
0,1140.079021,0,0,0,35.78441068,1.041426574,167.8681703,0
50.08018702,0,1140.079021,0,0,0,35.78441068,1.041426574,4
58.59715408,50.08018702,0,1140.079021,0,0,0,35.78441068,4
904.3456503,58.59715408,50.08018702,0,1140.079021,0,0,0,4
0,904.3456503,58.59715408,50.08018702,0,1140.079021,0,0,1
106.4699902,0,904.3456503,58.59715408,50.08018702,0,1140.079021,0,4
2.480505733,106.4699902,0,904.3456503,58.59715408,50.08018702,0,1140.079021,8
0,2.480505733,106.4699902,0,904.3456503,58.59715408,50.08018702,0,1
150.3822819,0,2.480505733,106.4699902,0,904.3456503,58.59715408,50.08018702,8
0.626883559,150.3822819,0,2.480505733,106.4699902,0,904.3456503,58.59715408,8
0,0.626883559,150.3822819,0,2.480505733,106.4699902,0,904.3456503,0
13.52992722,0,0.626883559,150.3822819,0,2.480505733,106.4699902,0,8
0,13.52992722,0,0.626883559,150.3822819,0,2.480505733,106.4699902,1
0,0,13.52992722,0,0.626883559,150.3822819,0,2.480505733,8
0.082325919,0,0,13.52992722,0,0.626883559,150.3822819,0,8
0,0.082325919,0,0,13.52992722,0,0.626883559,150.3822819,0
758.2082421,0,0.082325919,0,0,13.52992722,0,0.626883559,5
5.82E-11,758.2082421,0,0.082325919,0,0,13.52992722,0,5
232.4787867,5.82E-11,758.2082421,0,0.082325919,0,0,13.52992722,6
33.65848682,232.4787867,5.82E-11,758.2082421,0,0.082325919,0,0,4
10.5653489,33.65848682,232.4787867,5.82E-11,758.2082421,0,0.082325919,0,4
0,10.5653489,33.65848682,232.4787867,5.82E-11,758.2082421,0,0.082325919,1
0,0,10.5653489,33.65848682,232.4787867,5.82E-11,758.2082421,0,4
15.43525514,0,0,10.5653489,33.65848682,232.4787867,5.82E-11,758.2082421,8
94.02149545,15.43525514,0,0,10.5653489,33.65848682,232.4787867,5.82E-11,8
0,94.02149545,15.43525514,0,0,10.5653489,33.65848682,232.4787867,9
0,0,94.02149545,15.43525514,0,0,10.5653489,33.65848682,4
47.46120939,0,0,94.02149545,15.43525514,0,0,10.5653489,8
143.5636425,47.46120939,0,0,94.02149545,15.43525514,0,0,8
0,143.5636425,47.46120939,0,0,94.02149545,15.43525514,0,0
0,0,143.5636425,47.46120939,0,0,94.02149545,15.43525514,0
876.1411591,0,0,143.5636425,47.46120939,0,0,94.02149545,4
0,876.1411591,0,0,143.5636425,47.46120939,0,0,4
0,0,876.1411591,0,0,143.5636425,47.46120939,0,4
45.29116037,0,0,876.1411591,0,0,143.5636425,47.46120939,8
1.341836246,45.29116037,0,0,876.1411591,0,0,143.5636425,8
136.784037,1.341836246,45.29116037,0,0,876.1411591,0,0,4
22.74802809,136.784037,1.341836246,45.29116037,0,0,876.1411591,0,8
0,22.74802809,136.784037,1.341836246,45.29116037,0,0,876.1411591,9
30.20659168,0,22.74802809,136.784037,1.341836246,45.29116037,0,0,4
0,30.20659168,0,22.74802809,136.784037,1.341836246,45.29116037,0,1
77.87422822,0,30.20659168,0,22.74802809,136.784037,1.341836246,45.29116037,8
0,77.87422822,0,30.20659168,0,22.74802809,136.784037,1.341836246,1
16.12620131,0,77.87422822,0,30.20659168,0,22.74802809,136.784037,4
0,16.12620131,0,77.87422822,0,30.20659168,0,22.74802809,0
0,0,16.12620131,0,77.87422822,0,30.20659168,0,9
0,0,0,16.12620131,0,77.87422822,0,30.20659168,1
0,0,0,0,16.12620131,0,77.87422822,0,8
2192.071718,0,0,0,0,16.12620131,0,77.87422822,5
0,2192.071718,0,0,0,0,16.12620131,0,4
108.9006294,0,2192.071718,0,0,0,0,16.12620131,8
0.369831869,108.9006294,0,2192.071718,0,0,0,0,8
0,0.369831869,108.9006294,0,2192.071718,0,0,0,8
0,0,0.369831869,108.9006294,0,2192.071718,0,0,0
0,0,0,0.369831869,108.9006294,0,2192.071718,0,8
0,0,0,0,0.369831869,108.9006294,0,2192.071718,8
311.5894252,0,0,0,0,0.369831869,108.9006294,0,8
0,311.5894252,0,0,0,0,0.369831869,108.9006294,0
0,0,311.5894252,0,0,0,0,0.369831869,8
0,0,0,311.5894252,0,0,0,0,9
0,0,0,0,311.5894252,0,0,0,0
0,0,0,0,0,311.5894252,0,0,0
0,0,0,0,0,0,311.5894252,0,9
0,0,0,0,0,0,0,311.5894252,8
81.94560598,0,0,0,0,0,0,0,8
0,81.94560598,0,0,0,0,0,0,0
0,0,81.94560598,0,0,0,0,0,9
0,0,0,81.94560598,0,0,0,0,0
0,0,0,0,81.94560598,0,0,0,4
69.04380395,0,0,0,0,81.94560598,0,0,8
0,69.04380395,0,0,0,0,81.94560598,0,1
0,0,69.04380395,0,0,0,0,81.94560598,0
166.8303692,0,0,69.04380395,0,0,0,0,8
0,166.8303692,0,0,69.04380395,0,0,0,0
0,0,166.8303692,0,0,69.04380395,0,0,1
0,0,0,166.8303692,0,0,69.04380395,0,0
0,0,0,0,166.8303692,0,0,69.04380395,8
0,0,0,0,0,166.8303692,0,0,1
37.55483537,0,0,0,0,0,166.8303692,0,8
0,37.55483537,0,0,0,0,0,166.8303692,9
34.18829952,0,37.55483537,0,0,0,0,0,8
0,34.18829952,0,37.55483537,0,0,0,0,8
0,0,34.18829952,0,37.55483537,0,0,0,1
12.77695829,0,0,34.18829952,0,37.55483537,0,0,4
0,12.77695829,0,0,34.18829952,0,37.55483537,0,1
342.7592196,0,12.77695829,0,0,34.18829952,0,37.55483537,8
141.6587281,342.7592196,0,12.77695829,0,0,34.18829952,0,4
76.71739829,141.6587281,342.7592196,0,12.77695829,0,0,34.18829952,8
0,76.71739829,141.6587281,342.7592196,0,12.77695829,0,0,1
14.66983698,0,76.71739829,141.6587281,342.7592196,0,12.77695829,0,5
0,14.66983698,0,76.71739829,141.6587281,342.7592196,0,12.77695829,1
5.82E-11,0,14.66983698,0,76.71739829,141.6587281,342.7592196,0,8
5.603430662,5.82E-11,0,14.66983698,0,76.71739829,141.6587281,342.7592196,8
7.301481276,5.603430662,5.82E-11,0,14.66983698,0,76.71739829,141.6587281,4
0,7.301481276,5.603430662,5.82E-11,0,14.66983698,0,76.71739829,8
61.20514664,0,7.301481276,5.603430662,5.82E-11,0,14.66983698,0,8
14.23336337,61.20514664,0,7.301481276,5.603430662,5.82E-11,0,14.66983698,4
0,14.23336337,61.20514664,0,7.301481276,5.603430662,5.82E-11,0,9
1029.212305,0,14.23336337,61.20514664,0,7.301481276,5.603430662,5.82E-11,4
214.7230568,1029.212305,0,14.23336337,61.20514664,0,7.301481276,5.603430662,8
140.0360246,214.7230568,1029.212305,0,14.23336337,61.20514664,0,7.301481276,8
12.58997336,140.0360246,214.7230568,1029.212305,0,14.23336337,61.20514664,0,8
0,12.58997336,140.0360246,214.7230568,1029.212305,0,14.23336337,61.20514664,9
0,0,12.58997336,140.0360246,214.7230568,1029.212305,0,14.23336337,9
0,0,0,12.58997336,140.0360246,214.7230568,1029.212305,0,8
1245.519895,0,0,0,12.58997336,140.0360246,214.7230568,1029.212305,8
14.2235713,1245.519895,0,0,0,12.58997336,140.0360246,214.7230568,4
0,14.2235713,1245.519895,0,0,0,12.58997336,140.0360246,4
0,0,14.2235713,1245.519895,0,0,0,12.58997336,1
0,0,0,14.2235713,1245.519895,0,0,0,1
2.074981501,0,0,0,14.2235713,1245.519895,0,0,4
4.009234948,2.074981501,0,0,0,14.2235713,1245.519895,0,4
16.42295135,4.009234948,2.074981501,0,0,0,14.2235713,1245.519895,8
0,16.42295135,4.009234948,2.074981501,0,0,0,14.2235713,0
0,0,16.42295135,4.009234948,2.074981501,0,0,0,8
31.38057888,0,0,16.42295135,4.009234948,2.074981501,0,0,8
1281.013444,31.38057888,0,0,16.42295135,4.009234948,2.074981501,0,8
69.03413465,1281.013444,31.38057888,0,0,16.42295135,4.009234948,2.074981501,8
21.67444278,69.03413465,1281.013444,31.38057888,0,0,16.42295135,4.009234948,8
2.515273381,21.67444278,69.03413465,1281.013444,31.38057888,0,0,16.42295135,4
0,2.515273381,21.67444278,69.03413465,1281.013444,31.38057888,0,0,4
0,0,2.515273381,21.67444278,69.03413465,1281.013444,31.38057888,0,0
0,0,0,2.515273381,21.67444278,69.03413465,1281.013444,31.38057888,8
0.494371871,0,0,0,2.515273381,21.67444278,69.03413465,1281.013444,4
21.69820519,0.494371871,0,0,0,2.515273381,21.67444278,69.03413465,8
1493.502037,21.69820519,0.494371871,0,0,0,2.515273381,21.67444278,4
0,1493.502037,21.69820519,0.494371871,0,0,0,2.515273381,8
0,0,1493.502037,21.69820519,0.494371871,0,0,0,1
155.0764434,0,0,1493.502037,21.69820519,0.494371871,0,0,8
0,155.0764434,0,0,1493.502037,21.69820519,0.494371871,0,0
2.061334423,0,155.0764434,0,0,1493.502037,21.69820519,0.494371871,8
0,2.061334423,0,155.0764434,0,0,1493.502037,21.69820519,4
0,0,2.061334423,0,155.0764434,0,0,1493.502037,8
77.12384689,0,0,2.061334423,0,155.0764434,0,0,8
0,77.12384689,0,0,2.061334423,0,155.0764434,0,0
2.91E-11,0,77.12384689,0,0,2.061334423,0,155.0764434,8
21.2622999,2.91E-11,0,77.12384689,0,0,2.061334423,0,8
295.6711827,21.2622999,2.91E-11,0,77.12384689,0,0,2.061334423,8
0,295.6711827,21.2622999,2.91E-11,0,77.12384689,0,0,0
65.15943339,0,295.6711827,21.2622999,2.91E-11,0,77.12384689,0,8
24.93916857,65.15943339,0,295.6711827,21.2622999,2.91E-11,0,77.12384689,4
1.816122835,24.93916857,65.15943339,0,295.6711827,21.2622999,2.91E-11,0,4
59.04055751,1.816122835,24.93916857,65.15943339,0,295.6711827,21.2622999,2.91E-11,8
0,59.04055751,1.816122835,24.93916857,65.15943339,0,295.6711827,21.2622999,9
2.91E-11,0,59.04055751,1.816122835,24.93916857,65.15943339,0,295.6711827,8
95.50854619,2.91E-11,0,59.04055751,1.816122835,24.93916857,65.15943339,0,4
0,95.50854619,2.91E-11,0,59.04055751,1.816122835,24.93916857,65.15943339,9
0,0,95.50854619,2.91E-11,0,59.04055751,1.816122835,24.93916857,0
2.879349802,0,0,95.50854619,2.91E-11,0,59.04055751,1.816122835,8
0,2.879349802,0,0,95.50854619,2.91E-11,0,59.04055751,0
1188.703209,0,2.879349802,0,0,95.50854619,2.91E-11,0,8
0,1188.703209,0,2.879349802,0,0,95.50854619,2.91E-11,9
1.824983842,0,1188.703209,0,2.879349802,0,0,95.50854619,8
2.91E-11,1.824983842,0,1188.703209,0,2.879349802,0,0,8
0,2.91E-11,1.824983842,0,1188.703209,0,2.879349802,0,0
33.4429937,0,2.91E-11,1.824983842,0,1188.703209,0,2.879349802,4
9.079609633,33.4429937,0,2.91E-11,1.824983842,0,1188.703209,0,8
1013.869389,9.079609633,33.4429937,0,2.91E-11,1.824983842,0,1188.703209,4
25.96270994,1013.869389,9.079609633,33.4429937,0,2.91E-11,1.824983842,0,8
0,25.96270994,1013.869389,9.079609633,33.4429937,0,2.91E-11,1.824983842,0
2.624744171,0,25.96270994,1013.869389,9.079609633,33.4429937,0,2.91E-11,8
1.194511279,2.624744171,0,25.96270994,1013.869389,9.079609633,33.4429937,0,8
0,1.194511279,2.624744171,0,25.96270994,1013.869389,9.079609633,33.4429937,1
5.922830263,0,1.194511279,2.624744171,0,25.96270994,1013.869389,9.079609633,4
0,5.922830263,0,1.194511279,2.624744171,0,25.96270994,1013.869389,0
0,0,5.922830263,0,1.194511279,2.624744171,0,25.96270994,0
0,0,0,5.922830263,0,1.194511279,2.624744171,0,9
2.91E-11,0,0,0,5.922830263,0,1.194511279,2.624744171,8
0.272462698,2.91E-11,0,0,0,5.922830263,0,1.194511279,8
0,0.272462698,2.91E-11,0,0,0,5.922830263,0,1
0,0,0.272462698,2.91E-11,0,0,0,5.922830263,1
0,0,0,0.272462698,2.91E-11,0,0,0,8
0,0,0,0,0.272462698,2.91E-11,0,0,8
123.8522202,0,0,0,0,0.272462698,2.91E-11,0,4
0.253694838,123.8522202,0,0,0,0,0.272462698,2.91E-11,4
0,0.253694838,123.8522202,0,0,0,0,0.272462698,8
2.91E-11,0,0.253694838,123.8522202,0,0,0,0,8
0,2.91E-11,0,0.253694838,123.8522202,0,0,0,4
0,0,2.91E-11,0,0.253694838,123.8522202,0,0,8
24.71462878,0,0,2.91E-11,0,0.253694838,123.8522202,0,8
4.787104396,24.71462878,0,0,2.91E-11,0,0.253694838,123.8522202,4
0,4.787104396,24.71462878,0,0,2.91E-11,0,0.253694838,9
2.91E-11,0,4.787104396,24.71462878,0,0,2.91E-11,0,8
25.76381847,2.91E-11,0,4.787104396,24.71462878,0,0,2.91E-11,8
0,25.76381847,2.91E-11,0,4.787104396,24.71462878,0,0,8
1000.087418,0,25.76381847,2.91E-11,0,4.787104396,24.71462878,0,8
0,1000.087418,0,25.76381847,2.91E-11,0,4.787104396,24.71462878,0
0,0,1000.087418,0,25.76381847,2.91E-11,0,4.787104396,4
16.12720528,0,0,1000.087418,0,25.76381847,2.91E-11,0,4
0,16.12720528,0,0,1000.087418,0,25.76381847,2.91E-11,4
0,0,16.12720528,0,0,1000.087418,0,25.76381847,4
33.40433211,0,0,16.12720528,0,0,1000.087418,0,8
0,33.40433211,0,0,16.12720528,0,0,1000.087418,4
234.1823144,0,33.40433211,0,0,16.12720528,0,0,8
0,234.1823144,0,33.40433211,0,0,16.12720528,0,0
0,0,234.1823144,0,33.40433211,0,0,16.12720528,8
0,0,0,234.1823144,0,33.40433211,0,0,8
9.657454841,0,0,0,234.1823144,0,33.40433211,0,8
5.877600689,9.657454841,0,0,0,234.1823144,0,33.40433211,8
0,5.877600689,9.657454841,0,0,0,234.1823144,0,4
3.415440759,0,5.877600689,9.657454841,0,0,0,234.1823144,8
51.68392734,3.415440759,0,5.877600689,9.657454841,0,0,0,8
0,51.68392734,3.415440759,0,5.877600689,9.657454841,0,0,9
0,0,51.68392734,3.415440759,0,5.877600689,9.657454841,0,4
0,0,0,51.68392734,3.415440759,0,5.877600689,9.657454841,0
0,0,0,0,51.68392734,3.415440759,0,5.877600689,1
18.8090408,0,0,0,0,51.68392734,3.415440759,0,8
68.50692036,18.8090408,0,0,0,0,51.68392734,3.415440759,8
0,68.50692036,18.8090408,0,0,0,0,51.68392734,1
0,0,68.50692036,18.8090408,0,0,0,0,0
0.589196951,0,0,68.50692036,18.8090408,0,0,0,4
0,0.589196951,0,0,68.50692036,18.8090408,0,0,1
185.3358589,0,0.589196951,0,0,68.50692036,18.8090408,0,8
0,185.3358589,0,0.589196951,0,0,68.50692036,18.8090408,8
71.42614317,0,185.3358589,0,0.589196951,0,0,68.50692036,8
1.791837777,71.42614317,0,185.3358589,0,0.589196951,0,0,8
50.94012357,1.791837777,71.42614317,0,185.3358589,0,0.589196951,0,8
0,50.94012357,1.791837777,71.42614317,0,185.3358589,0,0.589196951,0
271.8625227,0,50.94012357,1.791837777,71.42614317,0,185.3358589,0,8
28.84256274,271.8625227,0,50.94012357,1.791837777,71.42614317,0,185.3358589,4
10.60965358,28.84256274,271.8625227,0,50.94012357,1.791837777,71.42614317,0,8
2.91E-11,10.60965358,28.84256274,271.8625227,0,50.94012357,1.791837777,71.42614317,8
0,2.91E-11,10.60965358,28.84256274,271.8625227,0,50.94012357,1.791837777,8
9.391330916,0,2.91E-11,10.60965358,28.84256274,271.8625227,0,50.94012357,8
0,9.391330916,0,2.91E-11,10.60965358,28.84256274,271.8625227,0,1
37.06554268,0,9.391330916,0,2.91E-11,10.60965358,28.84256274,271.8625227,8
193.6772819,37.06554268,0,9.391330916,0,2.91E-11,10.60965358,28.84256274,8
2.048816325,193.6772819,37.06554268,0,9.391330916,0,2.91E-11,10.60965358,8
0,2.048816325,193.6772819,37.06554268,0,9.391330916,0,2.91E-11,0
0,0,2.048816325,193.6772819,37.06554268,0,9.391330916,0,0
0,0,0,2.048816325,193.6772819,37.06554268,0,9.391330916,0
0,0,0,0,2.048816325,193.6772819,37.06554268,0,1
1020.818734,0,0,0,0,2.048816325,193.6772819,37.06554268,4
0,1020.818734,0,0,0,0,2.048816325,193.6772819,4
0,0,1020.818734,0,0,0,0,2.048816325,4
8.770136114,0,0,1020.818734,0,0,0,0,8
242.1872067,8.770136114,0,0,1020.818734,0,0,0,8
0,242.1872067,8.770136114,0,0,1020.818734,0,0,9
2.91E-11,0,242.1872067,8.770136114,0,0,1020.818734,0,8
0,2.91E-11,0,242.1872067,8.770136114,0,0,1020.818734,1
0,0,2.91E-11,0,242.1872067,8.770136114,0,0,0
37.71834071,0,0,2.91E-11,0,242.1872067,8.770136114,0,8
0,37.71834071,0,0,2.91E-11,0,242.1872067,8.770136114,0
3.902382185,0,37.71834071,0,0,2.91E-11,0,242.1872067,4
1097.525898,3.902382185,0,37.71834071,0,0,2.91E-11,0,8
0,1097.525898,3.902382185,0,37.71834071,0,0,2.91E-11,0
0,0,1097.525898,3.902382185,0,37.71834071,0,0,1
0.329435798,0,0,1097.525898,3.902382185,0,37.71834071,0,4
0,0.329435798,0,0,1097.525898,3.902382185,0,37.71834071,0
0,0,0.329435798,0,0,1097.525898,3.902382185,0,1
19.23779525,0,0,0.329435798,0,0,1097.525898,3.902382185,8
0,19.23779525,0,0,0.329435798,0,0,1097.525898,0
0,0,19.23779525,0,0,0.329435798,0,0,8
40.00859855,0,0,19.23779525,0,0,0.329435798,0,8
0,40.00859855,0,0,19.23779525,0,0,0.329435798,4
248.2149929,0,40.00859855,0,0,19.23779525,0,0,8
8.503485839,248.2149929,0,40.00859855,0,0,19.23779525,0,8
1125.925871,8.503485839,248.2149929,0,40.00859855,0,0,19.23779525,8
0,1125.925871,8.503485839,248.2149929,0,40.00859855,0,0,0
0,0,1125.925871,8.503485839,248.2149929,0,40.00859855,0,0
0,0,0,1125.925871,8.503485839,248.2149929,0,40.00859855,0
0,0,0,0,1125.925871,8.503485839,248.2149929,0,1
25.58990124,0,0,0,0,1125.925871,8.503485839,248.2149929,8
0,25.58990124,0,0,0,0,1125.925871,8.503485839,1
0,0,25.58990124,0,0,0,0,1125.925871,0
2.549206786,0,0,25.58990124,0,0,0,0,4
2.91E-11,2.549206786,0,0,25.58990124,0,0,0,8
0,2.91E-11,2.549206786,0,0,25.58990124,0,0,9
0,0,2.91E-11,2.549206786,0,0,25.58990124,0,9
0,0,0,2.91E-11,2.549206786,0,0,25.58990124,0
75.26826439,0,0,0,2.91E-11,2.549206786,0,0,8
92.65509155,75.26826439,0,0,0,2.91E-11,2.549206786,0,8
0,92.65509155,75.26826439,0,0,0,2.91E-11,2.549206786,1
0,0,92.65509155,75.26826439,0,0,0,2.91E-11,9
7.264501523,0,0,92.65509155,75.26826439,0,0,0,4
2.91E-11,7.264501523,0,0,92.65509155,75.26826439,0,0,8
0,2.91E-11,7.264501523,0,0,92.65509155,75.26826439,0,3
5.546113588,0,2.91E-11,7.264501523,0,0,92.65509155,75.26826439,8
5.758823024,5.546113588,0,2.91E-11,7.264501523,0,0,92.65509155,8
1.150998553,5.758823024,5.546113588,0,2.91E-11,7.264501523,0,0,4
0,1.150998553,5.758823024,5.546113588,0,2.91E-11,7.264501523,0,1
3.840095605,0,1.150998553,5.758823024,5.546113588,0,2.91E-11,7.264501523,8
0,3.840095605,0,1.150998553,5.758823024,5.546113588,0,2.91E-11,9
22.19282067,0,3.840095605,0,1.150998553,5.758823024,5.546113588,0,4
29.45428549,22.19282067,0,3.840095605,0,1.150998553,5.758823024,5.546113588,8
53.57277607,29.45428549,22.19282067,0,3.840095605,0,1.150998553,5.758823024,4
2.711483395,53.57277607,29.45428549,22.19282067,0,3.840095605,0,1.150998553,8
0,2.711483395,53.57277607,29.45428549,22.19282067,0,3.840095605,0,8
0,0,2.711483395,53.57277607,29.45428549,22.19282067,0,3.840095605,8
0,0,0,2.711483395,53.57277607,29.45428549,22.19282067,0,9
2.91E-11,0,0,0,2.711483395,53.57277607,29.45428549,22.19282067,8
0,2.91E-11,0,0,0,2.711483395,53.57277607,29.45428549,1
0,0,2.91E-11,0,0,0,2.711483395,53.57277607,1
0,0,0,2.91E-11,0,0,0,2.711483395,0
0,0,0,0,2.91E-11,0,0,0,8
0,0,0,0,0,2.91E-11,0,0,0
1425.879127,0,0,0,0,0,2.91E-11,0,8
0,1425.879127,0,0,0,0,0,2.91E-11,8
0,0,1425.879127,0,0,0,0,0,8
3.858036763,0,0,1425.879127,0,0,0,0,4
0,3.858036763,0,0,1425.879127,0,0,0,1
75.83168123,0,3.858036763,0,0,1425.879127,0,0,8
22.91649439,75.83168123,0,3.858036763,0,0,1425.879127,0,8
0,22.91649439,75.83168123,0,3.858036763,0,0,1425.879127,9
4.875073125,0,22.91649439,75.83168123,0,3.858036763,0,0,4
0,4.875073125,0,22.91649439,75.83168123,0,3.858036763,0,1
25.83661421,0,4.875073125,0,22.91649439,75.83168123,0,3.858036763,4
0.83040205,25.83661421,0,4.875073125,0,22.91649439,75.83168123,0,8
2.279071971,0.83040205,25.83661421,0,4.875073125,0,22.91649439,75.83168123,8
0,2.279071971,0.83040205,25.83661421,0,4.875073125,0,22.91649439,8
7.081955144,0,2.279071971,0.83040205,25.83661421,0,4.875073125,0,8
131.3810539,7.081955144,0,2.279071971,0.83040205,25.83661421,0,4.875073125,8
0,131.3810539,7.081955144,0,2.279071971,0.83040205,25.83661421,0,8
0,0,131.3810539,7.081955144,0,2.279071971,0.83040205,25.83661421,1
0,0,0,131.3810539,7.081955144,0,2.279071971,0.83040205,1
114.1351258,0,0,0,131.3810539,7.081955144,0,2.279071971,8
3.627463149,114.1351258,0,0,0,131.3810539,7.081955144,0,8
0,3.627463149,114.1351258,0,0,0,131.3810539,7.081955144,8
2.91E-11,0,3.627463149,114.1351258,0,0,0,131.3810539,8
0,2.91E-11,0,3.627463149,114.1351258,0,0,0,8
1.7062828,0,2.91E-11,0,3.627463149,114.1351258,0,0,8
0,1.7062828,0,2.91E-11,0,3.627463149,114.1351258,0,0
0,0,1.7062828,0,2.91E-11,0,3.627463149,114.1351258,8
0.854493792,0,0,1.7062828,0,2.91E-11,0,3.627463149,4
0,0.854493792,0,0,1.7062828,0,2.91E-11,0,1
26.51131022,0,0.854493792,0,0,1.7062828,0,2.91E-11,8
0,26.51131022,0,0.854493792,0,0,1.7062828,0,8
0,0,26.51131022,0,0.854493792,0,0,1.7062828,0
0,0,0,26.51131022,0,0.854493792,0,0,8
0,0,0,0,26.51131022,0,0.854493792,0,0
0,0,0,0,0,26.51131022,0,0.854493792,1
0,0,0,0,0,0,26.51131022,0,0
0.256379271,0,0,0,0,0,0,26.51131022,8
156.4697015,0.256379271,0,0,0,0,0,0,4
2.91E-11,156.4697015,0.256379271,0,0,0,0,0,8
0,2.91E-11,156.4697015,0.256379271,0,0,0,0,0
0,0,2.91E-11,156.4697015,0.256379271,0,0,0,1
0,0,0,2.91E-11,156.4697015,0.256379271,0,0,0
0,0,0,0,2.91E-11,156.4697015,0.256379271,0,8
7.064500278,0,0,0,0,2.91E-11,156.4697015,0.256379271,4
1053.426532,7.064500278,0,0,0,0,2.91E-11,156.4697015,8
0,1053.426532,7.064500278,0,0,0,0,2.91E-11,1
0,0,1053.426532,7.064500278,0,0,0,0,4
44.87412703,0,0,1053.426532,7.064500278,0,0,0,8
0,44.87412703,0,0,1053.426532,7.064500278,0,0,8
0,0,44.87412703,0,0,1053.426532,7.064500278,0,0
48.68688821,0,0,44.87412703,0,0,1053.426532,7.064500278,4
0,48.68688821,0,0,44.87412703,0,0,1053.426532,9
0,0,48.68688821,0,0,44.87412703,0,0,1
0,0,0,48.68688821,0,0,44.87412703,0,0
0,0,0,0,48.68688821,0,0,44.87412703,9
0,0,0,0,0,48.68688821,0,0,1
0,0,0,0,0,0,48.68688821,0,8
0,0,0,0,0,0,0,48.68688821,0
1420.641217,0,0,0,0,0,0,0,6
0,1420.641217,0,0,0,0,0,0,9
0,0,1420.641217,0,0,0,0,0,1
0,0,0,1420.641217,0,0,0,0,9
0,0,0,0,1420.641217,0,0,0,8
41.54101952,0,0,0,0,1420.641217,0,0,8
1195.094566,41.54101952,0,0,0,0,1420.641217,0,8
123.3952204,1195.094566,41.54101952,0,0,0,0,1420.641217,8
0,123.3952204,1195.094566,41.54101952,0,0,0,0,8
0,0,123.3952204,1195.094566,41.54101952,0,0,0,1
0,0,0,123.3952204,1195.094566,41.54101952,0,0,1
0,0,0,0,123.3952204,1195.094566,41.54101952,0,0
0,0,0,0,0,123.3952204,1195.094566,41.54101952,9
0,0,0,0,0,0,123.3952204,1195.094566,4
744.9501311,0,0,0,0,0,0,123.3952204,6
32.34533194,744.9501311,0,0,0,0,0,0,6
0,32.34533194,744.9501311,0,0,0,0,0,8
0,0,32.34533194,744.9501311,0,0,0,0,9
0,0,0,32.34533194,744.9501311,0,0,0,0
0,0,0,0,32.34533194,744.9501311,0,0,8
0,0,0,0,0,32.34533194,744.9501311,0,1
0,0,0,0,0,0,32.34533194,744.9501311,1
0,0,0,0,0,0,0,32.34533194,4
0,0,0,0,0,0,0,0,9
0,0,0,0,0,0,0,0,4
65.70771933,0,0,0,0,0,0,0,8
0,65.70771933,0,0,0,0,0,0,9
54.77317528,0,65.70771933,0,0,0,0,0,8
0,54.77317528,0,65.70771933,0,0,0,0,0
0,0,54.77317528,0,65.70771933,0,0,0,1
92.15739678,0,0,54.77317528,0,65.70771933,0,0,8
0,92.15739678,0,0,54.77317528,0,65.70771933,0,0
0,0,92.15739678,0,0,54.77317528,0,65.70771933,8
8.47869749,0,0,92.15739678,0,0,54.77317528,0,8
0,8.47869749,0,0,92.15739678,0,0,54.77317528,4
6.630484365,0,8.47869749,0,0,92.15739678,0,0,8
0,6.630484365,0,8.47869749,0,0,92.15739678,0,1
0,0,6.630484365,0,8.47869749,0,0,92.15739678,8
318.1704204,0,0,6.630484365,0,8.47869749,0,0,8
16.86476496,318.1704204,0,0,6.630484365,0,8.47869749,0,8
0,16.86476496,318.1704204,0,0,6.630484365,0,8.47869749,1
0,0,16.86476496,318.1704204,0,0,6.630484365,0,8
0.56959572,0,0,16.86476496,318.1704204,0,0,6.630484365,8
0,0.56959572,0,0,16.86476496,318.1704204,0,0,8
0,0,0.56959572,0,0,16.86476496,318.1704204,0,1
22.01086221,0,0,0.56959572,0,0,16.86476496,318.1704204,8
0,22.01086221,0,0,0.56959572,0,0,16.86476496,8
0,0,22.01086221,0,0,0.56959572,0,0,1
43.73235615,0,0,22.01086221,0,0,0.56959572,0,8
0,43.73235615,0,0,22.01086221,0,0,0.56959572,1
0,0,43.73235615,0,0,22.01086221,0,0,0
1.174855326,0,0,43.73235615,0,0,22.01086221,0,8
4.343118249,1.174855326,0,0,43.73235615,0,0,22.01086221,8
18.09067098,4.343118249,1.174855326,0,0,43.73235615,0,0,4
0,18.09067098,4.343118249,1.174855326,0,0,43.73235615,0,0
1.639477208,0,18.09067098,4.343118249,1.174855326,0,0,43.73235615,8
0,1.639477208,0,18.09067098,4.343118249,1.174855326,0,0,8
50.2466625,0,1.639477208,0,18.09067098,4.343118249,1.174855326,0,8
2.91E-11,50.2466625,0,1.639477208,0,18.09067098,4.343118249,1.174855326,8
20.88567181,2.91E-11,50.2466625,0,1.639477208,0,18.09067098,4.343118249,8
0,20.88567181,2.91E-11,50.2466625,0,1.639477208,0,18.09067098,0
7.222894454,0,20.88567181,2.91E-11,50.2466625,0,1.639477208,0,4
0,7.222894454,0,20.88567181,2.91E-11,50.2466625,0,1.639477208,0
0,0,7.222894454,0,20.88567181,2.91E-11,50.2466625,0,8
0,0,0,7.222894454,0,20.88567181,2.91E-11,50.2466625,1
0,0,0,0,7.222894454,0,20.88567181,2.91E-11,1
0,0,0,0,0,7.222894454,0,20.88567181,0
0,0,0,0,0,0,7.222894454,0,4
0,0,0,0,0,0,0,7.222894454,4
42.77762882,0,0,0,0,0,0,0,8
0,42.77762882,0,0,0,0,0,0,8
245.4884293,0,42.77762882,0,0,0,0,0,8
0,245.4884293,0,42.77762882,0,0,0,0,1
2.91E-11,0,245.4884293,0,42.77762882,0,0,0,8
39.88899799,2.91E-11,0,245.4884293,0,42.77762882,0,0,8
19.26458689,39.88899799,2.91E-11,0,245.4884293,0,42.77762882,0,8
0.578769871,19.26458689,39.88899799,2.91E-11,0,245.4884293,0,42.77762882,4
0,0.578769871,19.26458689,39.88899799,2.91E-11,0,245.4884293,0,0
0,0,0.578769871,19.26458689,39.88899799,2.91E-11,0,245.4884293,4
18.31621267,0,0,0.578769871,19.26458689,39.88899799,2.91E-11,0,4
337.2089558,18.31621267,0,0,0.578769871,19.26458689,39.88899799,2.91E-11,8
0,337.2089558,18.31621267,0,0,0.578769871,19.26458689,39.88899799,1
186.9328008,0,337.2089558,18.31621267,0,0,0.578769871,19.26458689,8
14.38159532,186.9328008,0,337.2089558,18.31621267,0,0,0.578769871,4
0,14.38159532,186.9328008,0,337.2089558,18.31621267,0,0,1
83.02973713,0,14.38159532,186.9328008,0,337.2089558,18.31621267,0,8
0,83.02973713,0,14.38159532,186.9328008,0,337.2089558,18.31621267,4
0,0,83.02973713,0,14.38159532,186.9328008,0,337.2089558,4
184.9882056,0,0,83.02973713,0,14.38159532,186.9328008,0,8
0,184.9882056,0,0,83.02973713,0,14.38159532,186.9328008,0
83.50441856,0,184.9882056,0,0,83.02973713,0,14.38159532,8
0,83.50441856,0,184.9882056,0,0,83.02973713,0,1
0,0,83.50441856,0,184.9882056,0,0,83.02973713,1
59.16361493,0,0,83.50441856,0,184.9882056,0,0,8
0,59.16361493,0,0,83.50441856,0,184.9882056,0,0
0,0,59.16361493,0,0,83.50441856,0,184.9882056,9
1115.647466,0,0,59.16361493,0,0,83.50441856,0,4
17.66356442,1115.647466,0,0,59.16361493,0,0,83.50441856,8
0,17.66356442,1115.647466,0,0,59.16361493,0,0,4
0,0,17.66356442,1115.647466,0,0,59.16361493,0,4
0,0,0,17.66356442,1115.647466,0,0,59.16361493,4
0,0,0,0,17.66356442,1115.647466,0,0,8
76.34027206,0,0,0,0,17.66356442,1115.647466,0,8
2.91E-11,76.34027206,0,0,0,0,17.66356442,1115.647466,8
